<?xml version="1.0" encoding="UTF-8"?>
<configuration  scan="true" scanPeriod="60 seconds" debug="false">
    <contextName>logback</contextName>
    <!--输出到控制台-->
    <appender name="console" class="ch.qos.logback.core.ConsoleAppender">
        <!-- <filter class="ch.qos.logback.classic.filter.ThresholdFilter">
             <level>ERROR</level>
         </filter>-->
        <encoder>
            <pattern>
                %d{HH:mm:ss} [%thread] %-5level %logger{36} - %msg%n
            </pattern>
        </encoder>
    </appender>

    <!--按天生成日志-->
    <appender name="logFile"  class="ch.qos.logback.core.rolling.RollingFileAppender">
        <Prudent>true</Prudent>
        <rollingPolicy class="ch.qos.logback.core.rolling.TimeBasedRollingPolicy">
            <FileNamePattern>
                /root/advance/%d{yyyy-MM-dd}/%d{yyyy-MM-dd}.log
            </FileNamePattern>
        </rollingPolicy>
        <layout class="ch.qos.logback.classic.PatternLayout">
            <Pattern>
                %d{yyyy-MM-dd HH:mm:ss} -%msg%n
            </Pattern>
        </layout>
    </appender>

    <root level="info">
        <appender-ref ref="console" />
        <appender-ref ref="logFile" />
    </root>

    <logger name="com.kzq.advance.mapper" level="debug" additivity="false">
        <appender-ref ref="console"/>
        <appender-ref ref="logFile"/>
    </logger>

</configuration>