<?xml version="1.0" encoding="UTF-8" ?>
<!DOCTYPE mapper PUBLIC "-//mybatis.org//DTD Mapper 3.0//EN" "http://mybatis.org/dtd/mybatis-3-mapper.dtd" >
<mapper namespace="com.kzq.advance.mapper.TGoodsLinkMapper">
    <resultMap id="BaseResultMap" type="com.kzq.advance.domain.TGoodsLink">
        <id column="num_iid" property="numIid" jdbcType="BIGINT"/>
        <result column="title" property="title" jdbcType="VARCHAR"/>
        <result column="detail_url" property="detailUrl" jdbcType="VARCHAR"/>
        <result column="goods_id" property="goodsId" jdbcType="VARCHAR"/>
        <result column="property_alias" property="propertyAlias" jdbcType="VARCHAR"/>
        <result column="nick" property="nick" jdbcType="VARCHAR"/>
        <result column="state" property="state" jdbcType="INTEGER"/>
        <result column="pic_path" property="picPath" jdbcType="VARCHAR"/>
        <result column="is_sku" property="isSku" jdbcType="INTEGER"/>
        <result column="is_del" property="isDel"/>
    </resultMap>
    <sql id="Base_Column_List">
    num_iid, title, detail_url, goods_id, property_alias, nick, state, pic_path, is_sku,is_del
  </sql>
    <select id="selectByPrimaryKey" resultMap="BaseResultMap" parameterType="java.lang.Long">
        select
        <include refid="Base_Column_List"/>
        from t_goods_link
        where num_iid = #{numIid,jdbcType=BIGINT}
    </select>

    <!--查询店铺的所有链接-->
    <select id="selectByShop" resultMap="BaseResultMap">
        select
        <include refid="Base_Column_List"/>
        from t_goods_link
        <where>
            nick = #{nick}
        </where>
    </select>


    <select id="selectByPic" resultMap="BaseResultMap" parameterType="java.lang.Long">
        select
        <include refid="Base_Column_List"/>
        from t_goods_link
        <where>
            pic_path is null
        </where>
    </select>


    <delete id="deleteByPrimaryKey" parameterType="java.lang.Long">
    delete from t_goods_link
    where num_iid = #{numIid,jdbcType=BIGINT}
  </delete>
    <insert id="insert" parameterType="com.kzq.advance.domain.TGoodsLink">
    insert into t_goods_link (num_iid, title, detail_url, 
      goods_id, property_alias, nick, 
      state, pic_path, is_sku
      )
    values (#{numIid,jdbcType=BIGINT}, #{title,jdbcType=VARCHAR}, #{detailUrl,jdbcType=VARCHAR}, 
      #{goodsId,jdbcType=VARCHAR}, #{propertyAlias,jdbcType=VARCHAR}, #{nick,jdbcType=VARCHAR}, 
      #{state,jdbcType=INTEGER}, #{picPath,jdbcType=VARCHAR}, #{isSku,jdbcType=INTEGER}
      )
  </insert>
    <insert id="insertSelective" parameterType="com.kzq.advance.domain.TGoodsLink">
        insert into t_goods_link
        <trim prefix="(" suffix=")" suffixOverrides=",">
            <if test="numIid != null">
                num_iid,
            </if>
            <if test="title != null">
                title,
            </if>
            <if test="detailUrl != null">
                detail_url,
            </if>
            <if test="goodsId != null">
                goods_id,
            </if>
            <if test="propertyAlias != null">
                property_alias,
            </if>
            <if test="nick != null">
                nick,
            </if>
            <if test="state != null">
                state,
            </if>
            <if test="picPath != null">
                pic_path,
            </if>
            <if test="isSku != null">
                is_sku,
            </if>
        </trim>
        <trim prefix="values (" suffix=")" suffixOverrides=",">
            <if test="numIid != null">
                #{numIid,jdbcType=BIGINT},
            </if>
            <if test="title != null">
                #{title,jdbcType=VARCHAR},
            </if>
            <if test="detailUrl != null">
                #{detailUrl,jdbcType=VARCHAR},
            </if>
            <if test="goodsId != null">
                #{goodsId,jdbcType=VARCHAR},
            </if>
            <if test="propertyAlias != null">
                #{propertyAlias,jdbcType=VARCHAR},
            </if>
            <if test="nick != null">
                #{nick,jdbcType=VARCHAR},
            </if>
            <if test="state != null">
                #{state,jdbcType=INTEGER},
            </if>
            <if test="picPath != null">
                #{picPath,jdbcType=VARCHAR},
            </if>
            <if test="isSku != null">
                #{isSku,jdbcType=INTEGER},
            </if>
        </trim>
    </insert>
    <update id="updateByPrimaryKeySelective" parameterType="com.kzq.advance.domain.TGoodsLink">
        update t_goods_link
        <set>
            <if test="title != null">
                title = #{title,jdbcType=VARCHAR},
            </if>
            <if test="detailUrl != null">
                detail_url = #{detailUrl,jdbcType=VARCHAR},
            </if>
            <if test="goodsId != null">
                goods_id = #{goodsId,jdbcType=VARCHAR},
            </if>
            <if test="propertyAlias != null">
                property_alias = #{propertyAlias,jdbcType=VARCHAR},
            </if>
            <if test="nick != null">
                nick = #{nick,jdbcType=VARCHAR},
            </if>
            <if test="state != null">
                state = #{state,jdbcType=INTEGER},
            </if>
            <if test="picPath != null">
                pic_path = #{picPath,jdbcType=VARCHAR},
            </if>
            <if test="isSku != null">
                is_sku = #{isSku,jdbcType=INTEGER},
            </if>
            <if test="isDel != null">
                is_del = #{isDel,jdbcType=INTEGER},
            </if>
        </set>
        where num_iid = #{numIid,jdbcType=BIGINT}
    </update>
    <update id="updateByPrimaryKey" parameterType="com.kzq.advance.domain.TGoodsLink">
    update t_goods_link
    set title = #{title,jdbcType=VARCHAR},
      detail_url = #{detailUrl,jdbcType=VARCHAR},
      goods_id = #{goodsId,jdbcType=VARCHAR},
      property_alias = #{propertyAlias,jdbcType=VARCHAR},
      nick = #{nick,jdbcType=VARCHAR},
      state = #{state,jdbcType=INTEGER},
      pic_path = #{picPath,jdbcType=VARCHAR},
      is_sku = #{isSku,jdbcType=INTEGER}
    where num_iid = #{numIid,jdbcType=BIGINT}
  </update>
    <delete id="deleteByNumId" parameterType="java.lang.Long">
      update t_goods_link set t_goods_link.is_del=1 where num_iid =#{numId};
  </delete>
</mapper>