<?xml version="1.0" encoding="UTF-8" ?>
<!DOCTYPE mapper PUBLIC "-//mybatis.org//DTD Mapper 3.0//EN" "http://mybatis.org/dtd/mybatis-3-mapper.dtd" >
<mapper namespace="com.kzq.advance.mapper.TSellerCatMapper" >
  <resultMap id="BaseResult" type="com.kzq.advance.domain.TSellerCat" >
    <id column="cid" property="cid" jdbcType="BIGINT" />
    <result column="created" property="created" jdbcType="TIMESTAMP" />
    <result column="modified" property="modified" jdbcType="TIMESTAMP" />
    <result column="name" property="name" jdbcType="VARCHAR" />
    <result column="parent_cid" property="parentCid" jdbcType="BIGINT" />
    <result column="pic_url" property="picUrl" jdbcType="VARCHAR" />
    <result column="sort_order" property="sortOrder" jdbcType="BIGINT" />
    <result column="shop_id" property="shopId" jdbcType="INTEGER" />
    <result column="is_del" property="isDel" jdbcType="TINYINT" />
  </resultMap>
  <sql id="Base_Column_List" >
    cid, created, modified, name, parent_cid, pic_url, sort_order, shop_id, is_del
  </sql>
  <insert id="insertSelective" parameterType="com.kzq.advance.domain.TSellerCat" >
    insert into t_seller_cat
    <trim prefix="(" suffix=")" suffixOverrides="," >
      <if test="cid != null" >
        cid,
      </if>
      <if test="created != null" >
        created,
      </if>
      <if test="modified != null" >
        modified,
      </if>
      <if test="name != null" >
        name,
      </if>
      <if test="parentCid != null" >
        parent_cid,
      </if>
      <if test="picUrl != null" >
        pic_url,
      </if>
      <if test="sortOrder != null" >
        sort_order,
      </if>
      <if test="shopId != null" >
        shop_id,
      </if>
      <if test="isDel != null" >
        is_del,
      </if>
    </trim>
    <trim prefix="values (" suffix=")" suffixOverrides="," >
      <if test="cid != null" >
        #{cid,jdbcType=BIGINT},
      </if>
      <if test="created != null" >
        #{created,jdbcType=TIMESTAMP},
      </if>
      <if test="modified != null" >
        #{modified,jdbcType=TIMESTAMP},
      </if>
      <if test="name != null" >
        #{name,jdbcType=VARCHAR},
      </if>
      <if test="parentCid != null" >
        #{parentCid,jdbcType=BIGINT},
      </if>
      <if test="picUrl != null" >
        #{picUrl,jdbcType=VARCHAR},
      </if>
      <if test="sortOrder != null" >
        #{sortOrder,jdbcType=BIGINT},
      </if>
      <if test="shopId != null" >
        #{shopId,jdbcType=INTEGER},
      </if>
      <if test="isDel != null" >
        #{isDel,jdbcType=TINYINT},
      </if>
    </trim>
  </insert>
  <update id="updateByPrimaryKeySelective" parameterType="com.kzq.advance.domain.TSellerCat" >
    update t_seller_cat
    <set >
      <if test="created != null" >
        created = #{created,jdbcType=TIMESTAMP},
      </if>
      <if test="modified != null" >
        modified = #{modified,jdbcType=TIMESTAMP},
      </if>
      <if test="name != null" >
        name = #{name,jdbcType=VARCHAR},
      </if>
      <if test="parentCid != null" >
        parent_cid = #{parentCid,jdbcType=BIGINT},
      </if>
      <if test="picUrl != null" >
        pic_url = #{picUrl,jdbcType=VARCHAR},
      </if>
      <if test="sortOrder != null" >
        sort_order = #{sortOrder,jdbcType=BIGINT},
      </if>
      <if test="shopId != null" >
        shop_id = #{shopId,jdbcType=INTEGER},
      </if>
      <if test="isDel != null" >
        is_del = #{isDel,jdbcType=TINYINT},
      </if>
    </set>
    where cid = #{cid,jdbcType=BIGINT}
  </update>
  <select id="find" parameterType="java.lang.Integer" resultMap="BaseResult">
    select
    <include refid="Base_Column_List"/>
    from t_seller_cat where shop_id=#{shopId};
  </select>

</mapper>