<?xml version="1.0" encoding="UTF-8" ?>
<!DOCTYPE mapper PUBLIC "-//mybatis.org//DTD Mapper 3.0//EN" "http://mybatis.org/dtd/mybatis-3-mapper.dtd" >
<mapper namespace="com.kzq.advance.mapper.TUpdateLogMapper" >
  <resultMap id="BaseResultMap" type="com.kzq.advance.domain.TUpdateLog" >
    <id column="id" property="id" jdbcType="INTEGER" />
    <result column="shop_id" property="shopId" jdbcType="INTEGER" />
    <result column="update_time" property="updateTime" jdbcType="TIMESTAMP" />
    <result column="update_user_id" property="updateUserId" jdbcType="VARCHAR" />
    <result column="update_total" property="updateTotal" jdbcType="INTEGER" />
  </resultMap>
  <sql id="Base_Column_List" >
    id, shop_id, update_time, update_user_id, update_total
  </sql>
  <select id="selectByPrimaryKey" resultMap="BaseResultMap" parameterType="java.lang.Integer" >
    select 
    <include refid="Base_Column_List" />
    from t_update_log
    where id = #{id,jdbcType=INTEGER}
  </select>
  <delete id="deleteByPrimaryKey" parameterType="java.lang.Integer" >
    delete from t_update_log
    where id = #{id,jdbcType=INTEGER}
  </delete>
  <insert id="insert" parameterType="com.kzq.advance.domain.TUpdateLog" >
    insert into t_update_log (id, shop_id, update_time, 
      update_user_id, update_total)
    values (#{id,jdbcType=INTEGER}, #{shopId,jdbcType=INTEGER}, #{updateTime,jdbcType=TIMESTAMP}, 
      #{updateUserId,jdbcType=VARCHAR}, #{updateTotal,jdbcType=INTEGER})
  </insert>
  <insert id="insertSelective" parameterType="com.kzq.advance.domain.TUpdateLog" useGeneratedKeys="true" keyProperty="id">
    insert into t_update_log
    <trim prefix="(" suffix=")" suffixOverrides="," >
      <if test="id != null" >
        id,
      </if>
      <if test="shopId != null" >
        shop_id,
      </if>
      <if test="updateTime != null" >
        update_time,
      </if>
      <if test="updateUserId != null" >
        update_user_id,
      </if>
      <if test="updateTotal != null" >
        update_total,
      </if>
    </trim>
    <trim prefix="values (" suffix=")" suffixOverrides="," >
      <if test="id != null" >
        #{id,jdbcType=INTEGER},
      </if>
      <if test="shopId != null" >
        #{shopId,jdbcType=INTEGER},
      </if>
      <if test="updateTime != null" >
        #{updateTime,jdbcType=TIMESTAMP},
      </if>
      <if test="updateUserId != null" >
        #{updateUserId,jdbcType=VARCHAR},
      </if>
      <if test="updateTotal != null" >
        #{updateTotal,jdbcType=INTEGER},
      </if>
    </trim>
  </insert>
  <update id="updateByPrimaryKeySelective" parameterType="com.kzq.advance.domain.TUpdateLog" >
    update t_update_log
    <set >
      <if test="shopId != null" >
        shop_id = #{shopId,jdbcType=INTEGER},
      </if>
      <if test="updateTime != null" >
        update_time = #{updateTime,jdbcType=TIMESTAMP},
      </if>
      <if test="updateUserId != null" >
        update_user_id = #{updateUserId,jdbcType=VARCHAR},
      </if>
      <if test="updateTotal != null" >
        update_total = #{updateTotal,jdbcType=INTEGER},
      </if>
    </set>
    where id = #{id,jdbcType=INTEGER}
  </update>
  <update id="updateByPrimaryKey" parameterType="com.kzq.advance.domain.TUpdateLog" >
    update t_update_log
    set shop_id = #{shopId,jdbcType=INTEGER},
      update_time = #{updateTime,jdbcType=TIMESTAMP},
      update_user_id = #{updateUserId,jdbcType=VARCHAR},
      update_total = #{updateTotal,jdbcType=INTEGER}
    where id = #{id,jdbcType=INTEGER}
  </update>
</mapper>