<?xml version="1.0" encoding="UTF-8" ?>
<!DOCTYPE mapper PUBLIC "-//mybatis.org//DTD Mapper 3.0//EN" "http://mybatis.org/dtd/mybatis-3-mapper.dtd" >
<mapper namespace="com.kzq.advance.mapper.TUpdateLogDetailMapper" >
  <resultMap id="BaseResultMap" type="com.kzq.advance.domain.TUpdateLogDetail" >
    <id column="id" property="id" jdbcType="INTEGER" />
    <result column="log_id" property="logId" jdbcType="INTEGER" />
    <result column="sku_id" property="skuId" jdbcType="BIGINT" />
    <result column="num_iid" property="numIid" jdbcType="BIGINT" />
    <result column="title" property="title" jdbcType="VARCHAR" />
    <result column="update_info" property="updateInfo" jdbcType="VARCHAR" />
  </resultMap>
  <sql id="Base_Column_List" >
    id, log_id, sku_id, num_iid, title, update_info
  </sql>
  <select id="selectByPrimaryKey" resultMap="BaseResultMap" parameterType="java.lang.Integer" >
    select 
    <include refid="Base_Column_List" />
    from t_update_log_detail
    where id = #{id,jdbcType=INTEGER}
  </select>
  <delete id="deleteByPrimaryKey" parameterType="java.lang.Integer" >
    delete from t_update_log_detail
    where id = #{id,jdbcType=INTEGER}
  </delete>
  <insert id="insert" parameterType="com.kzq.advance.domain.TUpdateLogDetail" >
    insert into t_update_log_detail (id, log_id, sku_id, 
      num_iid, title, update_info
      )
    values (#{id,jdbcType=INTEGER}, #{logId,jdbcType=INTEGER}, #{skuId,jdbcType=BIGINT}, 
      #{numIid,jdbcType=BIGINT}, #{title,jdbcType=VARCHAR}, #{updateInfo,jdbcType=VARCHAR}
      )
  </insert>
  <insert id="insertSelective" parameterType="com.kzq.advance.domain.TUpdateLogDetail" useGeneratedKeys="true" keyProperty="id">
    insert into t_update_log_detail
    <trim prefix="(" suffix=")" suffixOverrides="," >
      <if test="id != null" >
        id,
      </if>
      <if test="logId != null" >
        log_id,
      </if>
      <if test="skuId != null" >
        sku_id,
      </if>
      <if test="numIid != null" >
        num_iid,
      </if>
      <if test="title != null" >
        title,
      </if>
      <if test="updateInfo != null" >
        update_info,
      </if>
    </trim>
    <trim prefix="values (" suffix=")" suffixOverrides="," >
      <if test="id != null" >
        #{id,jdbcType=INTEGER},
      </if>
      <if test="logId != null" >
        #{logId,jdbcType=INTEGER},
      </if>
      <if test="skuId != null" >
        #{skuId,jdbcType=BIGINT},
      </if>
      <if test="numIid != null" >
        #{numIid,jdbcType=BIGINT},
      </if>
      <if test="title != null" >
        #{title,jdbcType=VARCHAR},
      </if>
      <if test="updateInfo != null" >
        #{updateInfo,jdbcType=VARCHAR},
      </if>
    </trim>
  </insert>
  <update id="updateByPrimaryKeySelective" parameterType="com.kzq.advance.domain.TUpdateLogDetail" >
    update t_update_log_detail
    <set >
      <if test="logId != null" >
        log_id = #{logId,jdbcType=INTEGER},
      </if>
      <if test="skuId != null" >
        sku_id = #{skuId,jdbcType=BIGINT},
      </if>
      <if test="numIid != null" >
        num_iid = #{numIid,jdbcType=BIGINT},
      </if>
      <if test="title != null" >
        title = #{title,jdbcType=VARCHAR},
      </if>
      <if test="updateInfo != null" >
        update_info = #{updateInfo,jdbcType=VARCHAR},
      </if>
    </set>
    where id = #{id,jdbcType=INTEGER}
  </update>
  <update id="updateByPrimaryKey" parameterType="com.kzq.advance.domain.TUpdateLogDetail" >
    update t_update_log_detail
    set log_id = #{logId,jdbcType=INTEGER},
      sku_id = #{skuId,jdbcType=BIGINT},
      num_iid = #{numIid,jdbcType=BIGINT},
      title = #{title,jdbcType=VARCHAR},
      update_info = #{updateInfo,jdbcType=VARCHAR}
    where id = #{id,jdbcType=INTEGER}
  </update>
</mapper>